{
  "publicPath": "/dist/client",
  "all": [
    "0.69c970ecc75b9291f2c7.js",
    "1.5b7840606b4801eb27d9.js",
    "2.59cfa30574adedc05bf7.js",
    "3.8d93816bfeed7bbecacc.js",
    "4.82304c62e6935a955e68.js",
    "main.b228cb45a2854b09f1c1.js",
    "manifest.27331072792eafe4b60a.js"
  ],
  "initial": [
    "manifest.27331072792eafe4b60a.js",
    "main.b228cb45a2854b09f1c1.js"
  ],
  "async": [
    "0.69c970ecc75b9291f2c7.js",
    "1.5b7840606b4801eb27d9.js",
    "2.59cfa30574adedc05bf7.js",
    "3.8d93816bfeed7bbecacc.js",
    "4.82304c62e6935a955e68.js"
  ],
  "modules": {
    "251c9f1b": [
      5
    ],
    "30a57e8a": [
      5
    ],
    "ef3c3410": [
      5
    ],
    "fa749484": [
      5
    ],
    "00832832": [
      5
    ],
    "635b93d1": [
      5
    ],
    "6c572ebc": [
      5
    ],
    "4548bbcb": [
      5
    ],
    "0b455e4a": [
      5
    ],
    "226b02ca": [
      5
    ],
    "34a10bfc": [
      5
    ],
    "6e332818": [
      5
    ],
    "a47fa48a": [
      5
    ],
    "1094df97": [
      5
    ],
    "5913bd3a": [
      5
    ],
    "d3ee619e": [
      5
    ],
    "397d33cb": [
      5
    ],
    "3c1020ad": [
      5
    ],
    "756ea40f": [
      5
    ],
    "b664b1d6": [
      5
    ],
    "785db85a": [
      4
    ],
    "777c404a": [
      3
    ],
    "a1b8b9f4": [
      2
    ],
    "63dfa663": [
      0
    ],
    "4b78621e": [
      1
    ],
    "7b212193": [
      4
    ],
    "6fd9dde0": [
      3
    ],
    "3e2631a1": [
      2
    ],
    "08556d57": [
      0
    ],
    "1a48d08f": [
      0
    ],
    "70d961a6": [
      0
    ],
    "0a5c9f20": [
      0
    ],
    "3eee9b0a": [
      1
    ],
    "184710bc": [
      1
    ],
    "026d7252": [
      1
    ]
  }
}